id,warmT,coldT,burn_yn,cold_warm
3,35,27,1,1
3,38.7999992370605,12,1,1
3,34.2999992370605,12,1,0
3,36.4000015258789,24,1,0
3,30.3999996185303,27,0,0
3,34.0999984741211,24,0,0
3,30.7999992370605,15,1,0
3,32.9000015258789,0,1,0
3,45.7999992370605,27,1,1
3,30.7999992370605,12,1,0
3,31.8999996185303,18,1,0
3,32.4000015258789,27,0,1
3,32.7999992370605,21,1,1
3,39.5,27,1,1
3,32.9000015258789,27,0,0
3,35.7000007629395,27,0,1
3,30.2999992370605,24,0,0
3,37.5999984741211,27,0,1
3,40.7000007629395,27,1,1
3,32.2999992370605,24,0,0
3,31.2999992370605,21,0,0
3,34.7999992370605,24,0,1
3,35.9000015258789,24,0,1
3,39.0999984741211,27,1,1
3,34.4000015258789,21,0,0
3,30.3999996185303,18,0,0
3,36,24,0,1
3,32.4000015258789,24,0,0
3,32.9000015258789,15,1,0
3,33.5,21,0,1
3,36.5,27,1,1
3,32.0999984741211,12,1,0
3,34.7000007629395,18,0,1
3,43.4000015258789,24,1,1
3,42,24,1,1
3,38.2999992370605,21,1,1
3,32.5,24,1,0
3,39.2999992370605,27,1,1
3,36.5999984741211,18,1,1
3,32.5,12,1,0
3,32.7000007629395,21,0,1
3,40.0999984741211,24,1,1
3,34.5999984741211,27,0,0
3,34.5,18,0,0
3,38.4000015258789,21,0,1
3,34.5999984741211,12,1,1
3,37.5,18,1,1
3,33.4000015258789,12,1,0
3,30.1000003814697,6,1,0
3,41.5999984741211,24,1,1
3,33.7999992370605,15,0,0
3,35,15,1,0
3,30.5,24,0,0
3,44.9000015258789,27,1,1
3,44.4000015258789,27,1,1
3,41.0999984741211,24,1,1
3,31.1000003814697,24,0,0
3,33.5999984741211,21,0,0
3,33.9000015258789,21,0,0
3,36.5,24,0,1
3,34.4000015258789,21,0,0
3,30.5,15,1,0
3,36.7999992370605,24,0,0
3,30.5,21,1,0
3,36.7000007629395,24,1,1
3,34.0999984741211,27,0,1
3,34.5999984741211,15,1,1
3,33.7999992370605,21,0,0
3,32.5999984741211,12,1,0
3,32.2000007629395,12,1,0
3,36.7000007629395,24,0,1
3,41.7000007629395,24,1,1
3,33.9000015258789,15,1,0
3,35.4000015258789,27,0,1
3,35.7999992370605,27,0,1
3,44,27,1,1
3,34.2000007629395,21,0,0
3,37.7000007629395,21,0,0
3,34.4000015258789,21,1,1
3,33.9000015258789,15,1,1
3,37,24,0,1
3,37.2000007629395,24,1,1
3,35.7000007629395,27,0,1
3,33.5,15,1,0
3,41.0999984741211,24,1,1
3,31.7000007629395,18,0,0
3,31.2999992370605,21,0,0
3,34.2999992370605,24,0,0
3,30.8999996185303,12,1,0
3,30.2999992370605,15,1,0
3,37.2999992370605,21,1,1
3,39.5,24,1,1
3,37.2999992370605,27,0,1
3,30.2999992370605,15,0,0
3,30.7000007629395,18,0,0
3,36.5,21,0,1
3,32.7000007629395,18,1,0
3,32.5999984741211,18,0,0
3,34.9000015258789,21,1,1
3,37.0999984741211,24,1,1
4,35,27,0,1
4,33.2000007629395,0,1,0
4,38.2999992370605,18,0,1
4,32.0999984741211,0,1,0
4,37.0999984741211,12,1,1
4,32,6,1,0
4,36.5999984741211,18,0,1
4,47.9000015258789,24,1,1
4,30.1000003814697,9,0,0
4,46.2000007629395,24,1,1
4,30.2999992370605,6,0,0
4,44.5999984741211,27,1,1
4,42.7999992370605,18,0,1
4,47.0999984741211,12,1,1
4,34.7000007629395,27,0,1
4,38.7000007629395,18,0,1
4,36.0999984741211,12,1,0
4,30.5,18,0,0
4,46.4000015258789,18,1,1
4,35.2999992370605,21,0,0
4,30.2000007629395,0,1,0
4,47.5999984741211,24,1,1
4,40.2999992370605,24,0,1
4,43.7000007629395,24,0,1
4,34,6,0,1
4,36.2999992370605,18,0,1
4,43.2000007629395,27,0,1
4,41.9000015258789,24,0,1
4,46.4000015258789,27,1,1
4,45.9000015258789,27,0,1
4,34.7999992370605,12,0,0
4,48,27,1,1
4,39.0999984741211,15,1,0
4,37.0999984741211,15,0,1
4,32.0999984741211,6,1,0
4,40.9000015258789,21,0,1
4,45.5999984741211,24,1,1
4,38.7000007629395,15,0,1
4,37.4000015258789,15,0,1
4,42.7000007629395,24,0,1
4,45.7000007629395,27,1,1
4,37.4000015258789,15,1,0
4,47.0999984741211,27,1,1
4,44.0999984741211,24,1,1
4,38.0999984741211,12,0,1
4,47.0999984741211,27,1,1
4,36.7000007629395,12,1,0
4,40.2000007629395,15,1,0
4,37.4000015258789,15,1,1
4,44.2000007629395,27,1,1
4,42.4000015258789,21,0,1
4,38.7000007629395,15,1,1
4,45.5999984741211,27,1,1
4,47.2000007629395,27,1,1
4,40.2000007629395,15,1,0
4,39.0999984741211,18,0,1
4,33.0999984741211,6,1,0
4,42,18,0,1
4,44.0999984741211,24,0,1
4,31.7000007629395,6,1,0
4,35.7999992370605,9,1,0
4,42,18,0,1
4,32.9000015258789,9,1,0
4,43.9000015258789,21,0,1
4,32.5999984741211,9,0,0
4,37.0999984741211,15,0,1
4,42.4000015258789,21,1,0
4,33.2000007629395,6,1,0
4,44.2000007629395,27,0,1
4,32.9000015258789,9,0,0
4,42,18,0,1
4,43.9000015258789,21,0,1
4,34.2999992370605,9,0,0
4,44.0999984741211,24,0,1
4,33.2000007629395,6,0,0
4,40.7000007629395,21,0,1
4,47.2999992370605,27,1,1
4,42.5999984741211,24,0,1
4,44.0999984741211,24,1,1
4,45.7000007629395,27,1,1
4,42.4000015258789,21,0,0
4,32.9000015258789,9,1,0
4,45.7000007629395,27,1,1
4,34.4000015258789,9,0,0
4,35.0999984741211,12,1,0
4,32.5999984741211,9,1,0
4,31.7000007629395,6,0,0
4,45.7000007629395,27,1,1
4,42.4000015258789,21,0,1
4,44.0999984741211,24,1,1
4,45.5999984741211,27,1,1
4,43.4000015258789,27,0,1
4,38.5999984741211,18,0,0
4,40.5999984741211,15,0,1
4,42.4000015258789,21,0,1
4,44.0999984741211,24,0,1
4,40.7000007629395,18,1,1
4,43.2999992370605,27,0,1
4,34.7000007629395,12,1,0
4,42.9000015258789,27,0,1
5,35,27,1,1
5,31,15,0,0
5,40.7000007629395,27,0,1
5,36.9000015258789,9,1,0
5,48.7999992370605,6,1,1
5,47,9,1,1
5,34,15,0,0
5,37.7999992370605,18,0,0
5,33.5,6,1,0
5,41.0999984741211,21,1,1
5,44.7000007629395,6,1,1
5,36.2000007629395,18,0,1
5,31.2000007629395,6,0,0
5,42.2999992370605,24,0,1
5,41.2000007629395,21,0,1
5,43.5999984741211,0,1,1
5,39.9000015258789,18,0,1
5,45.9000015258789,24,0,1
5,46.7000007629395,9,1,0
5,35.2999992370605,9,0,0
5,34.7999992370605,6,0,0
5,37.7000007629395,9,0,0
5,37.2999992370605,6,1,1
5,31.8999996185303,0,1,1
5,39.5999984741211,0,1,1
5,39,12,0,1
5,44.2000007629395,18,0,1
5,42.9000015258789,15,1,1
5,35.0999984741211,18,0,1
5,48.2999992370605,12,1,1
5,32.2000007629395,3,1,0
5,44.4000015258789,18,0,1
5,32.9000015258789,12,0,1
5,41.5,21,0,1
5,34.5,12,0,0
5,37.9000015258789,15,0,1
5,46.2999992370605,18,1,1
5,45.5999984741211,18,0,1
5,48.7999992370605,21,1,1
5,38.0999984741211,15,1,1
5,46.5999984741211,12,1,1
5,45.9000015258789,27,0,1
5,45.2000007629395,18,1,1
5,37,9,1,1
5,38.5999984741211,18,0,1
5,33.7999992370605,6,1,0
5,39.0999984741211,12,0,1
5,44.9000015258789,18,0,1
5,34.2000007629395,12,0,0
5,42.7000007629395,21,0,1
5,42.7999992370605,15,0,1
5,30.1000003814697,3,1,0
5,38.5999984741211,6,1,1
5,40,12,0,1
5,45.2000007629395,12,1,1
5,41.2000007629395,18,0,1
5,47.7000007629395,15,1,1
5,47.2000007629395,15,1,1
5,46.7000007629395,15,1,1
5,47.9000015258789,21,1,1
5,43,12,0,1
5,44.5,12,1,1
5,46.9000015258789,15,1,1
5,32.7999992370605,9,0,0
5,50,24,1,1
5,36.9000015258789,6,1,0
5,39.9000015258789,12,0,0
5,46.7000007629395,24,1,1
5,46.2999992370605,15,0,1
5,33.7000007629395,6,1,0
5,47.4000015258789,21,1,1
5,44.7000007629395,12,1,1
5,46.5,27,1,1
5,42.0999984741211,9,0,1
5,42.0999984741211,15,0,0
5,39.5,6,1,1
5,46.7000007629395,21,1,1
5,46.5,21,0,1
5,43.2999992370605,24,0,1
5,36.7999992370605,15,0,0
5,45.7000007629395,27,1,1
5,36.5999984741211,15,1,0
5,45.0999984741211,12,1,1
5,49.7000007629395,18,1,1
5,33.7999992370605,12,0,0
5,47.4000015258789,15,1,1
5,42.2000007629395,9,1,1
5,44.5,27,0,1
5,35.2000007629395,3,1,0
5,49.5999984741211,18,1,1
5,49.5,18,1,1
5,38.5,18,0,0
5,33.2999992370605,6,0,0
5,49.5999984741211,18,1,1
5,49.5,18,1,1
5,42.0999984741211,9,0,0
5,34.0999984741211,12,0,0
5,42.4000015258789,9,0,1
5,42.0999984741211,15,0,1
5,31.8999996185303,9,1,0
6,35,27,0,0
6,32.0999984741211,6,0,0
6,48.4000015258789,21,1,1
6,42.0999984741211,15,1,0
6,42.2999992370605,21,0,1
6,37.4000015258789,9,0,0
6,41,15,0,0
6,44.7000007629395,15,1,1
6,45.2999992370605,24,0,1
6,40.5,15,0,0
6,43.7000007629395,18,0,0
6,35.9000015258789,3,1,1
6,42,15,1,1
6,43.7000007629395,18,1,1
6,41.5999984741211,15,1,1
6,34.7000007629395,3,1,1
6,41.2000007629395,9,0,1
6,42.0999984741211,18,0,1
6,32.9000015258789,0,1,1
6,40.7999992370605,15,1,1
6,44.2000007629395,21,1,1
6,49.4000015258789,9,1,1
6,40.5999984741211,18,0,0
6,48.9000015258789,12,1,1
6,34.0999984741211,21,0,1
6,44.4000015258789,9,0,1
6,44.2000007629395,0,1,1
6,48.2999992370605,9,1,1
6,42.2000007629395,18,0,0
6,35.5,21,0,1
6,41.2999992370605,15,1,0
6,41.7000007629395,27,0,1
6,35.2999992370605,18,0,0
6,39.2000007629395,12,0,0
6,33.4000015258789,3,0,0
6,45.2999992370605,9,1,1
6,40.7999992370605,3,1,0
6,30.7000007629395,0,1,0
6,42.5999984741211,24,0,1
6,43.2999992370605,24,0,1
6,43.9000015258789,24,0,0
6,44.7999992370605,18,1,0
6,42.5,9,1,0
6,32.2999992370605,9,0,0
6,46.7000007629395,27,1,1
6,43,24,1,1
6,48.5,27,1,0
6,47.4000015258789,27,1,1
6,45.7000007629395,18,1,0
6,43.5999984741211,27,0,1
6,49,27,1,1
6,42.2999992370605,18,0,0
6,33.2000007629395,3,0,0
6,44.2000007629395,27,0,1
6,43.2000007629395,24,0,0
6,38.2000007629395,9,0,0
6,45.2999992370605,24,1,0
6,30.3999996185303,0,1,0
6,42.7000007629395,15,0,1
6,44,21,0,1
6,44.2000007629395,27,1,1
6,43.5999984741211,27,0,1
6,35.5,9,0,0
6,40,12,0,0
6,40.5,12,0,0
6,37.7000007629395,6,1,0
6,38.9000015258789,9,0,1
6,35.2000007629395,6,1,0
6,38.5,9,0,0
6,35,9,0,0
6,37.2000007629395,12,0,0
6,45.5999984741211,15,1,0
6,40.7000007629395,18,0,0
6,44.4000015258789,27,1,1
6,39.2000007629395,9,0,0
6,47.7999992370605,21,1,1
6,47.2000007629395,21,1,1
6,40.4000015258789,6,1,0
6,41.7000007629395,9,1,1
6,42.5,21,0,0
6,45.2000007629395,18,1,1
6,48,27,1,0
6,39.5,12,1,0
6,35.2999992370605,3,1,0
6,32.2000007629395,3,1,0
6,35.2999992370605,9,1,0
6,39.5,18,0,1
6,41.7000007629395,12,1,0
6,40,18,0,0
6,35.2000007629395,6,0,0
6,34.7000007629395,3,1,0
6,40.9000015258789,12,1,0
6,39,12,0,0
6,43.2000007629395,24,1,0
6,37.2999992370605,9,1,0
6,35.2999992370605,9,0,0
6,35.2000007629395,6,1,0
6,42.4000015258789,15,0,1
6,47.0999984741211,24,1,1
6,44.7999992370605,24,1,1
8,35,27,0,0
8,37,12,0,1
8,45.5999984741211,6,1,1
8,39.9000015258789,9,1,1
8,48,27,1,1
8,41.4000015258789,15,0,0
8,37.7000007629395,9,0,1
8,30.5,3,1,0
8,36,9,0,0
8,32.5999984741211,27,0,0
8,38.0999984741211,9,1,1
8,35.2000007629395,6,1,0
8,48.9000015258789,9,1,1
8,32.7999992370605,24,0,0
8,33.5999984741211,6,1,0
8,42.2999992370605,21,0,1
8,37.5,0,1,0
8,34.5999984741211,0,1,0
8,36.9000015258789,3,0,1
8,41.0999984741211,18,0,1
8,42.5,3,1,1
8,40.7999992370605,3,1,0
8,36.2000007629395,21,0,1
8,33.4000015258789,6,1,0
8,40.7000007629395,6,0,1
8,40.7000007629395,27,0,1
8,48.2000007629395,12,1,1
8,33.4000015258789,6,1,0
8,31.2999992370605,15,0,0
8,33.0999984741211,15,0,0
8,37,18,0,0
8,40.7999992370605,21,0,1
8,44.4000015258789,24,1,1
8,46.2000007629395,21,1,1
8,42.9000015258789,9,1,0
8,35.5999984741211,9,1,0
8,47.4000015258789,24,1,1
8,32.5999984741211,0,1,0
8,43.7000007629395,12,0,1
8,35.4000015258789,9,0,0
8,49.5,27,1,1
8,40.2000007629395,15,0,0
8,47.5999984741211,15,1,1
8,47.0999984741211,15,1,1
8,48.4000015258789,27,1,1
8,35.7999992370605,9,0,0
8,44,21,0,1
8,44.7999992370605,12,1,1
8,48,27,1,1
8,46.2000007629395,15,0,0
8,34.2000007629395,6,1,0
8,30.7999992370605,3,1,0
8,40.2999992370605,15,0,1
8,42.5999984741211,18,0,1
8,33.5999984741211,6,0,0
8,37.0999984741211,3,1,1
8,45,12,0,1
8,43.4000015258789,9,0,0
8,43.7999992370605,18,0,1
8,31.7000007629395,0,1,0
8,37.2999992370605,9,0,0
8,33.4000015258789,12,0,0
8,43.9000015258789,27,0,1
8,42.5999984741211,15,0,1
8,47.0999984741211,21,1,1
8,46.7000007629395,21,1,1
8,31.6000003814697,9,0,0
8,40.2000007629395,12,0,1
8,38.7999992370605,18,0,1
8,48.5999984741211,15,1,1
8,31.6000003814697,3,1,0
8,32,9,0,0
8,46.7000007629395,21,1,1
8,36.9000015258789,3,1,0
8,37.5999984741211,9,0,0
8,36.7999992370605,3,1,1
8,32.0999984741211,9,0,0
8,31.1000003814697,3,1,0
8,42.5,15,0,1
8,34.7999992370605,12,0,0
8,34.5999984741211,6,1,0
8,46.9000015258789,21,1,1
8,36.0999984741211,3,1,0
8,46.7000007629395,21,0,1
8,39.4000015258789,18,0,0
8,32,9,0,0
8,45.7000007629395,12,1,1
8,45.4000015258789,27,1,1
8,43.0999984741211,24,0,1
8,48.7000007629395,24,1,1
8,42.9000015258789,9,0,1
8,40.2000007629395,12,0,0
8,34.5999984741211,6,0,0
8,34.9000015258789,12,0,0
8,32.4000015258789,9,1,0
8,37.7000007629395,9,0,1
8,48.7000007629395,24,1,1
8,32.2000007629395,9,1,0
8,40.0999984741211,12,1,1
8,40,6,0,1
11,35,27,1,1
11,38.7999992370605,12,1,1
11,37.9000015258789,21,1,0
11,30.2999992370605,9,1,1
11,31.3999996185303,21,1,1
11,31.3999996185303,24,0,1
11,32.9000015258789,24,1,1
11,38,27,1,1
11,31.8999996185303,21,1,1
11,32.9000015258789,24,1,1
11,32.5999984741211,27,1,1
11,31.3999996185303,27,0,1
11,36.2000007629395,27,1,1
11,30.1000003814697,27,0,1
11,30.8999996185303,27,0,1
11,31.7000007629395,24,1,1
11,32.7999992370605,27,1,1
11,33.5,27,0,1
11,35.5999984741211,27,1,1
11,32,24,1,1
11,31,27,1,1
11,32,24,1,1
11,34.7000007629395,27,0,1
11,36.4000015258789,27,0,1
11,33.0999984741211,27,1,1
11,39,27,1,1
11,33.9000015258789,24,1,1
11,30,21,1,1
11,32.0999984741211,27,0,0
11,37.2000007629395,27,1,1
11,32.2999992370605,24,1,1
11,31.8999996185303,24,1,1
11,31.5,24,0,0
11,32.5,27,0,1
11,32.9000015258789,27,0,0
11,32.7000007629395,24,1,1
11,36.7000007629395,27,0,0
11,38.7000007629395,27,1,0
11,38.2000007629395,27,1,1
11,37.7000007629395,27,1,1
11,37.2000007629395,27,1,1
11,36.7999992370605,27,1,0
11,33.2000007629395,27,1,1
11,32.0999984741211,24,1,1
11,36.2000007629395,27,1,0
11,35.9000015258789,27,1,0
11,31.7000007629395,24,1,0
11,35.5999984741211,27,0,0
11,32.7999992370605,27,1,1
11,36.4000015258789,27,0,1
11,32.2999992370605,27,0,1
11,32.0999984741211,24,1,1
11,37.2999992370605,27,1,1
11,31.7999992370605,24,0,0
11,37.4000015258789,27,1,1
11,32.5999984741211,27,1,1
11,32.2000007629395,27,1,1
11,37,27,1,1
11,31.7000007629395,27,1,1
11,31.2999992370605,27,0,0
11,31.6000003814697,27,1,1
11,31.2999992370605,27,1,1
11,36.5,27,0,1
11,32.2000007629395,24,1,1
11,32,24,1,1
11,36.7999992370605,27,1,1
11,31.2000007629395,27,1,1
11,30.8999996185303,27,1,1
11,30.7000007629395,27,0,1
11,31.6000003814697,24,1,1
11,31.5,24,1,1
11,31.2999992370605,24,1,1
11,36.2999992370605,27,1,1
11,31,24,0,1
11,30.7999992370605,27,0,1
11,31,27,1,1
11,31.5,24,1,1
11,31.3999996185303,24,1,1
11,30.7000007629395,27,1,1
11,31.1000003814697,24,1,1
11,30.8999996185303,24,1,1
11,30.7999992370605,24,1,1
11,35.9000015258789,27,1,1
11,30.6000003814697,24,1,1
11,30.2999992370605,27,1,1
11,30.2999992370605,24,1,1
11,30,27,1,1
11,30.1000003814697,24,1,0
11,35.2999992370605,27,0,0
11,30.1000003814697,24,1,0
11,30,27,0,0
11,35.7000007629395,27,0,1
11,36,27,1,0
11,35.9000015258789,27,1,1
11,35.7999992370605,27,1,1
11,35.7000007629395,27,1,1
11,30.2000007629395,27,1,1
11,35.4000015258789,27,1,1
11,35.4000015258789,27,0,0
11,35.5999984741211,27,1,1
16,35,27,1,0
16,32,18,1,0
16,31.6000003814697,15,1,0
16,34.0999984741211,24,1,1
16,31.7999992370605,24,0,0
16,33.0999984741211,24,1,0
16,31.7000007629395,18,1,0
16,31.8999996185303,24,0,0
16,34.5,27,1,1
16,30,15,1,0
16,33.2000007629395,24,1,1
16,33.9000015258789,27,1,1
16,32.5999984741211,24,1,0
16,31.3999996185303,24,0,0
16,30.2000007629395,18,1,0
16,33.0999984741211,27,1,0
16,32.2000007629395,24,1,0
16,33.2000007629395,27,0,1
16,31.8999996185303,27,0,1
16,33.2999992370605,27,1,1
16,30,18,1,0
16,30.2000007629395,21,1,0
16,30.6000003814697,21,0,0
16,33,27,1,1
16,32.7000007629395,27,1,0
16,31.3999996185303,21,1,0
16,34.5,27,1,1
16,32.2999992370605,27,0,1
16,31.1000003814697,27,0,0
16,33.7999992370605,27,1,1
16,32.2000007629395,24,1,0
16,31.2999992370605,24,0,0
16,31.5,24,0,0
16,33.4000015258789,27,1,0
16,32.2999992370605,27,0,1
16,31,21,1,0
16,33.2000007629395,27,1,1
16,30.5,21,0,0
16,32.0999984741211,24,0,1
16,32.5,27,1,1
16,32.2999992370605,27,0,0
16,30.6000003814697,21,0,0
16,32.5,27,1,0
16,30.1000003814697,21,1,0
16,30.3999996185303,21,0,0
16,32.0999984741211,27,0,0
16,30.6000003814697,21,1,0
16,32.2000007629395,27,0,1
16,33.2999992370605,27,1,0
16,30.5,21,0,0
16,30.6000003814697,21,0,0
16,31.1000003814697,21,1,0
16,30,18,1,0
16,32.4000015258789,27,0,1
16,30.2000007629395,21,1,0
16,31,21,1,0
16,31,21,0,0
16,30.5,21,1,0
16,31.6000003814697,24,0,0
16,31.1000003814697,24,0,0
16,31.2000007629395,24,1,0
16,31.1000003814697,24,0,0
16,32.2999992370605,27,0,1
16,31.1000003814697,24,0,1
16,31,21,1,0
16,31,21,1,0
16,32.4000015258789,27,1,1
16,31.1000003814697,24,1,0
16,30.3999996185303,21,1,0
16,32.2000007629395,24,1,0
16,33.2999992370605,27,0,1
16,31,21,1,0
16,30.8999996185303,24,0,1
16,32.7999992370605,27,1,1
16,31,21,0,0
16,32.2000007629395,24,1,0
16,31,21,0,0
16,30.5,21,0,0
16,32.2000007629395,27,0,1
16,33.4000015258789,27,1,1
16,33.4000015258789,27,1,1
16,32.7999992370605,27,1,1
16,32.2000007629395,24,1,1
16,30.5,21,0,0
16,30.5,21,1,0
16,32.2000007629395,27,0,1
16,32.0999984741211,24,0,0
16,30.5,21,0,0
16,32.2000007629395,24,1,0
16,30.5,21,1,0
16,32.2000007629395,24,1,1
16,32.0999984741211,24,0,0
16,32.2000007629395,27,0,1
16,31.1000003814697,21,1,0
16,33.2999992370605,27,1,1
16,31.6000003814697,24,0,1
16,31.1000003814697,24,0,0
16,31,21,1,1
16,33.2999992370605,27,0,1
16,30,21,0,0
17,35,27,1,1
17,35.4000015258789,24,0,1
17,31.5,0,1,0
17,33.2999992370605,15,0,0
17,42.7999992370605,24,0,1
17,34.2000007629395,6,1,0
17,32.7000007629395,9,0,0
17,43.2000007629395,3,1,1
17,40.5999984741211,3,0,0
17,42.7000007629395,21,1,1
17,37.5999984741211,15,0,0
17,42.4000015258789,21,1,1
17,33.5,3,1,1
17,32.7999992370605,6,0,0
17,48.9000015258789,3,1,1
17,45.2000007629395,27,0,1
17,39.7999992370605,18,0,0
17,45.2999992370605,24,0,1
17,42.2000007629395,18,0,1
17,41.5999984741211,15,0,1
17,31.2000007629395,21,0,0
17,43.2999992370605,15,1,1
17,35.2000007629395,3,1,0
17,31.2000007629395,21,0,1
17,48.4000015258789,24,1,1
17,36.2000007629395,27,0,1
17,48.5,6,1,1
17,49,9,1,1
17,32.7000007629395,3,1,1
17,35.5999984741211,9,0,0
17,45.0999984741211,21,0,1
17,32.5999984741211,18,0,1
17,48.7000007629395,24,1,1
17,35.4000015258789,21,0,1
17,39.4000015258789,12,0,1
17,42.2000007629395,15,0,1
17,39.4000015258789,24,0,1
17,36.4000015258789,6,0,1
17,39.5999984741211,9,1,1
17,42.9000015258789,3,1,0
17,30.2000007629395,9,0,0
17,33.2000007629395,12,0,0
17,33.9000015258789,0,0,1
17,44,3,0,1
17,47.5999984741211,3,1,1
17,32.2999992370605,0,1,0
17,48,6,1,1
17,39.5999984741211,9,0,1
17,47.7999992370605,6,1,1
17,30.7999992370605,9,0,0
17,38.0999984741211,6,0,0
17,46,18,0,1
17,34,12,0,0
17,30,0,1,0
17,36.5999984741211,15,0,1
17,37.0999984741211,15,0,1
17,44.0999984741211,3,0,1
17,35.2000007629395,12,0,0
17,46.4000015258789,15,0,1
17,33.7999992370605,9,0,0
17,34.2999992370605,9,0,0
17,43.0999984741211,24,0,1
17,36.2999992370605,0,1,0
17,32.7000007629395,6,0,0
17,47.2999992370605,15,1,1
17,40.5999984741211,18,0,1
17,37.7000007629395,3,0,0
17,48.9000015258789,6,1,1
17,36,9,0,0
17,42.5999984741211,21,0,1
17,31.2000007629395,3,0,1
17,42.9000015258789,21,0,1
17,44.4000015258789,24,0,1
17,48.2000007629395,6,1,1
17,43.4000015258789,9,0,1
17,43.7999992370605,9,0,1
17,42,6,0,1
17,35.5,6,0,0
17,41.2999992370605,15,0,1
17,45.2999992370605,24,0,1
17,48.2999992370605,15,1,1
17,46.2999992370605,12,1,1
17,43.9000015258789,21,0,1
17,47.5999984741211,15,0,1
17,40,12,0,0
17,45.5999984741211,3,1,1
17,48.2999992370605,6,1,1
17,45.7999992370605,24,0,0
17,49.4000015258789,18,0,1
17,43.7999992370605,18,0,0
17,48.2000007629395,6,1,1
17,46.7999992370605,24,0,1
17,40.5999984741211,12,0,0
17,48.5999984741211,27,1,1
17,47.4000015258789,27,0,1
17,45.2000007629395,21,0,1
17,40.7000007629395,12,0,1
17,44.0999984741211,18,0,1
17,50,18,1,1
17,44.4000015258789,9,0,1
18,35,27,0,0
18,40,18,0,1
18,49.5,18,1,1
18,42.5,21,0,1
18,38.7000007629395,0,1,1
18,34.2000007629395,6,0,0
18,33.4000015258789,0,1,0
18,35.7999992370605,3,1,1
18,42.4000015258789,15,0,1
18,36.5,6,1,1
18,35.4000015258789,6,0,1
18,38.2000007629395,9,1,1
18,38.2999992370605,15,0,1
18,37.5,12,0,1
18,33.2999992370605,3,1,0
18,40.7000007629395,9,1,1
18,34.0999984741211,3,1,0
18,37.7000007629395,9,0,1
18,35.2999992370605,6,1,1
18,34.5,6,1,0
18,31.2999992370605,6,1,0
18,32.7000007629395,6,0,0
18,44.2999992370605,21,1,1
18,43.5999984741211,9,0,1
18,48.5,9,1,1
18,32.5,6,1,0
18,34.0999984741211,9,1,0
18,47,9,1,1
18,43.4000015258789,6,1,0
18,42.2000007629395,6,1,0
18,41.0999984741211,6,0,1
18,46.7999992370605,9,1,1
18,37.9000015258789,15,0,1
18,35.2999992370605,0,1,0
18,48.5999984741211,24,1,1
18,41.0999984741211,18,0,1
18,38.5999984741211,3,1,1
18,33.7000007629395,18,0,0
18,35.7000007629395,18,0,0
18,41.4000015258789,15,0,1
18,35.7999992370605,3,1,0
18,38.5,18,0,1
18,39.5,12,0,1
18,33.2000007629395,6,1,0
18,39.5999984741211,18,0,1
18,37.2000007629395,15,0,1
18,46.2999992370605,24,1,1
18,33.5999984741211,12,0,0
18,42.5,9,0,1
18,37,15,0,0
18,39.5,6,1,1
18,43.2000007629395,15,0,1
18,43.2999992370605,21,0,1
18,38.2000007629395,15,0,0
18,46.9000015258789,18,1,1
18,49.2999992370605,15,1,1
18,43.5,15,1,1
18,33.4000015258789,6,0,0
18,42.9000015258789,9,1,1
18,37.7000007629395,15,0,0
18,37.7999992370605,15,0,0
18,38,15,0,0
18,43.5,21,0,1
18,43.7999992370605,21,0,1
18,43.0999984741211,9,1,1
18,32.0999984741211,9,1,0
18,31.7000007629395,9,0,0
18,31.7999992370605,9,0,0
18,34.4000015258789,3,0,0
18,46.2000007629395,24,0,1
18,37.7000007629395,9,1,1
18,39.2999992370605,6,1,0
18,40.7000007629395,12,0,1
18,32.0999984741211,9,1,0
18,38.2999992370605,15,0,1
18,49.5,27,1,1
18,46,12,1,1
18,45.9000015258789,12,0,1
18,43.5,15,0,1
18,33.9000015258789,6,1,0
18,31.8999996185303,9,0,0
18,46.2000007629395,24,1,1
18,33.9000015258789,6,0,0
18,34.0999984741211,6,1,0
18,33.9000015258789,6,0,0
18,34.0999984741211,6,0,0
18,30.1000003814697,3,0,0
18,40.7999992370605,12,0,1
18,30.6000003814697,3,1,0
18,35.5999984741211,3,1,0
18,40.5999984741211,18,0,1
18,34.2999992370605,6,0,0
18,32.5,9,0,1
18,43.2999992370605,21,0,1
18,41.2000007629395,12,0,1
18,43.7000007629395,21,0,0
18,46.9000015258789,12,1,1
18,41.4000015258789,18,0,1
18,44,21,0,1
18,41.7000007629395,18,0,1
20,35,27,0,0
20,33.2000007629395,0,1,0
20,36,21,0,0
20,35.7000007629395,9,0,0
20,30.2000007629395,0,0,0
20,43.5999984741211,21,1,1
20,42.4000015258789,9,1,1
20,42.4000015258789,15,1,1
20,41.7000007629395,27,1,1
20,39.2999992370605,9,0,0
20,37.5999984741211,12,0,0
20,39.5999984741211,15,1,1
20,49.4000015258789,21,1,1
20,49.5,27,1,1
20,43.5999984741211,15,1,1
20,40,3,1,0
20,37.0999984741211,12,0,0
20,36.0999984741211,0,1,0
20,39.5,27,0,0
20,38.7999992370605,12,0,0
20,45.5999984741211,24,1,1
20,38.7000007629395,3,1,1
20,37.5999984741211,12,0,0
20,37.7000007629395,21,0,0
20,33.2000007629395,0,1,0
20,42.7999992370605,27,0,0
20,31.2999992370605,3,1,0
20,35.2999992370605,24,0,0
20,37.2000007629395,12,0,0
20,39.2999992370605,27,0,1
20,38.5,3,0,1
20,31.3999996185303,15,0,0
20,34.4000015258789,3,1,0
20,37,24,0,1
20,37.9000015258789,24,0,0
20,35.4000015258789,18,0,0
20,46.5999984741211,27,1,1
20,47.5999984741211,21,1,0
20,45.4000015258789,18,0,0
20,48.4000015258789,18,1,1
20,40.2000007629395,27,1,1
20,34.2999992370605,18,1,0
20,30.6000003814697,15,0,0
20,34.4000015258789,21,1,1
20,33.5999984741211,3,0,0
20,41.4000015258789,21,0,1
20,41.9000015258789,21,1,1
20,38.9000015258789,15,1,1
20,33,24,0,0
20,41.2000007629395,21,0,0
20,49.0999984741211,18,1,1
20,48.0999984741211,18,1,1
20,35.4000015258789,6,0,0
20,45.2999992370605,12,1,0
20,37.2999992370605,27,0,0
20,44.4000015258789,27,0,1
20,38.5,27,0,0
20,45.4000015258789,27,0,1
20,46,27,1,1
20,38.0999984741211,12,0,0
20,37.5,24,0,1
20,41.2000007629395,18,0,0
20,38.0999984741211,24,1,1
20,44.2000007629395,9,1,0
20,38.7000007629395,0,1,0
20,38.4000015258789,12,0,0
20,40,15,0,1
20,45.2000007629395,12,0,0
20,47.4000015258789,15,1,0
20,38.0999984741211,24,0,0
20,31.8999996185303,9,0,0
20,40.7999992370605,15,1,0
20,40.5999984741211,15,0,0
20,34.7999992370605,15,0,1
20,35.0999984741211,3,0,0
20,43.2000007629395,6,1,0
20,49,21,1,1
20,44.0999984741211,9,1,0
20,32.4000015258789,0,1,1
20,37.7000007629395,21,1,1
20,41.7999992370605,18,0,1
20,40,27,0,0
20,37.7000007629395,21,0,1
20,35.2999992370605,15,1,1
20,36.4000015258789,0,1,1
20,36.2999992370605,18,0,0
20,47.7000007629395,18,1,0
20,39.2000007629395,12,1,1
20,31.8999996185303,9,0,1
20,39.2999992370605,3,0,1
20,43.5,9,0,0
20,40.9000015258789,15,0,0
20,31.2999992370605,0,0,0
20,49.2000007629395,21,1,1
20,32.7000007629395,0,1,0
20,35.5,15,1,0
20,38.7999992370605,24,0,1
20,40.5,3,0,0
20,37.4000015258789,6,0,0
20,39,9,1,1
21,35,27,0,1
21,37.2999992370605,18,1,0
21,32.9000015258789,21,0,0
21,38.5,24,1,1
21,40.2000007629395,24,1,1
21,31,6,1,0
21,30.1000003814697,12,1,0
21,36.9000015258789,24,0,1
21,43.5999984741211,27,1,1
21,34.2000007629395,21,1,1
21,30.5,18,0,0
21,40.7999992370605,27,1,1
21,33.7000007629395,21,1,0
21,39.4000015258789,27,1,1
21,41,27,1,1
21,31.5,15,0,0
21,33.0999984741211,27,0,0
21,33.4000015258789,21,0,0
21,38.0999984741211,27,0,1
21,32.7000007629395,12,1,0
21,30.5,15,0,0
21,41.2000007629395,27,1,1
21,30,6,1,0
21,34.2000007629395,21,0,0
21,34.4000015258789,18,1,0
21,35.9000015258789,21,0,0
21,31.2999992370605,15,0,0
21,33.2000007629395,18,0,0
21,36.9000015258789,24,0,1
21,37.2999992370605,21,0,1
21,34.2000007629395,12,0,1
21,33.4000015258789,0,1,0
21,38.5,15,1,1
21,35.9000015258789,12,0,0
21,46,24,1,1
21,41.4000015258789,18,0,0
21,39,24,0,1
21,39.0999984741211,0,1,1
21,41.5,27,1,1
21,38.7000007629395,3,1,1
21,30.2000007629395,24,0,0
21,30.1000003814697,6,0,0
21,33.2999992370605,12,0,0
21,41.5999984741211,12,1,1
21,41.5999984741211,15,0,0
21,32.2000007629395,6,1,0
21,31.6000003814697,27,0,0
21,38.9000015258789,3,1,1
21,41.7000007629395,12,1,1
21,42.0999984741211,15,0,1
21,48.0999984741211,21,1,1
21,39.5999984741211,24,0,1
21,42,27,0,1
21,48.7999992370605,21,1,1
21,41.5,9,1,0
21,46.9000015258789,21,1,1
21,30.6000003814697,6,0,0
21,30.7000007629395,21,0,0
21,34.2000007629395,12,0,0
21,44.4000015258789,18,1,1
21,40,24,0,0
21,30.5,18,0,0
21,42.5999984741211,15,0,0
21,30.7999992370605,3,1,0
21,41.0999984741211,9,0,1
21,47.5999984741211,18,1,1
21,48.2999992370605,21,1,1
21,32.2999992370605,6,0,0
21,35.5999984741211,12,0,0
21,37.2000007629395,15,0,0
21,46.7999992370605,18,1,1
21,42.5,9,0,0
21,43.0999984741211,6,1,1
21,44.9000015258789,12,1,1
21,32,21,0,0
21,35.0999984741211,0,1,0
21,38.7999992370605,18,0,1
21,40.2999992370605,21,0,1
21,49.2000007629395,24,1,1
21,45,15,0,0
21,37.0999984741211,12,0,0
21,38.5999984741211,15,1,1
21,47.5,18,1,1
21,31.8999996185303,18,0,0
21,42.9000015258789,27,1,1
21,42.9000015258789,9,1,0
21,34.2000007629395,6,0,0
21,34.5,24,0,0
21,32.9000015258789,3,0,0
21,35.5999984741211,27,0,1
21,35.9000015258789,27,0,1
21,46,18,1,1
21,42.2999992370605,27,0,1
21,30.1000003814697,9,0,0
21,33.4000015258789,3,0,0
21,33.5999984741211,0,0,0
21,37.9000015258789,12,0,0
21,43.7999992370605,9,0,1
21,39.4000015258789,0,0,0
21,35.0999984741211,27,0,1
22,35,27,0,0
22,44.5999984741211,24,1,1
22,45.9000015258789,27,1,1
22,38,21,1,1
22,33.2000007629395,21,1,1
22,32.5999984741211,24,1,1
22,37.7999992370605,27,1,1
22,33.2000007629395,24,1,1
22,34.5999984741211,27,1,1
22,31.2000007629395,21,1,1
22,33.4000015258789,27,0,1
22,38.0999984741211,27,1,1
22,34.5,27,1,1
22,33.7000007629395,27,1,1
22,32.2000007629395,24,1,1
22,30.3999996185303,27,1,1
22,30.8999996185303,27,0,1
22,31.8999996185303,27,1,1
22,32.7000007629395,24,1,1
22,30.8999996185303,27,0,1
22,32,24,0,1
22,34.7000007629395,24,1,1
22,33.7999992370605,24,0,1
22,32.2000007629395,27,0,1
22,32.5999984741211,18,1,1
22,35.7999992370605,24,1,1
22,35,24,1,1
22,37.9000015258789,27,1,1
22,37.2000007629395,27,0,1
22,35.2000007629395,24,0,1
22,34.5,21,1,1
22,33.0999984741211,27,0,1
22,41.0999984741211,27,1,1
22,40.2999992370605,27,1,1
22,33.2000007629395,27,0,1
22,40.0999984741211,27,0,1
22,41.9000015258789,27,1,1
22,34.2000007629395,27,0,1
22,30.2999992370605,18,1,1
22,41.2999992370605,27,0,1
22,37.2999992370605,24,0,1
22,33.2999992370605,18,0,1
22,31.5,24,0,1
22,37.4000015258789,12,1,1
22,31.7000007629395,24,0,1
22,35.2000007629395,9,1,1
22,37.0999984741211,18,0,1
22,43,18,1,1
22,46.5999984741211,24,1,1
22,45,24,1,1
22,32.2000007629395,24,1,1
22,35.5999984741211,27,0,1
22,47.5999984741211,27,1,1
22,42.2000007629395,24,1,1
22,34.2999992370605,15,1,1
22,31.7999992370605,24,0,1
22,32.0999984741211,24,0,1
22,30.8999996185303,3,1,1
22,32.7999992370605,15,1,1
22,33.7999992370605,18,1,1
22,39,24,1,1
22,42.7999992370605,27,0,1
22,36.7999992370605,27,0,1
22,32.2999992370605,24,1,1
22,33,18,1,1
22,32.2999992370605,18,1,1
22,34.5999984741211,21,1,1
22,31.7000007629395,24,0,1
22,38.4000015258789,24,0,1
22,44.5999984741211,27,1,1
22,35.0999984741211,21,1,1
22,32.0999984741211,24,0,1
22,32.2999992370605,24,0,1
22,38.9000015258789,24,0,1
22,37.7999992370605,27,0,1
22,36,21,1,1
22,38.0999984741211,27,0,1
22,39.7000007629395,24,0,1
22,40.9000015258789,24,1,1
22,36.2000007629395,21,1,1
22,38.5,27,1,1
22,35.7000007629395,21,1,0
22,39.4000015258789,24,1,1
22,39.0999984741211,24,0,1
22,30.3999996185303,15,1,1
22,32.2000007629395,18,1,1
22,32.0999984741211,27,0,1
22,32.5,27,0,1
22,34.7000007629395,21,1,1
22,32.9000015258789,27,0,1
22,44.5999984741211,27,1,1
22,33.0999984741211,27,0,1
22,44.5,27,0,1
22,39,24,1,1
22,44.9000015258789,27,1,1
22,38.7000007629395,24,0,1
22,33.2999992370605,24,1,1
22,30.8999996185303,18,1,1
22,33.5,27,0,1
22,39.2999992370605,27,1,1
24,35,27,0,1
24,32.9000015258789,9,0,0
24,41,15,0,1
24,40.5,0,1,1
24,40.2000007629395,9,0,1
24,41.2000007629395,6,0,1
24,47.2999992370605,12,1,1
24,47.7000007629395,24,1,1
24,36.2999992370605,0,0,0
24,47.7999992370605,24,1,1
24,38.5,0,1,1
24,43.7000007629395,24,0,1
24,44.2999992370605,21,0,1
24,47,27,1,1
24,44.2000007629395,21,0,1
24,41.2999992370605,3,1,1
24,45,21,0,1
24,43.2999992370605,6,1,1
24,43.4000015258789,12,0,1
24,45.7000007629395,27,0,1
24,42.9000015258789,12,0,1
24,42.0999984741211,6,1,1
24,45.9000015258789,21,0,1
24,43.7999992370605,12,0,1
24,37.5,0,0,1
24,41.2999992370605,6,0,1
24,41.9000015258789,6,0,1
24,46.2000007629395,21,1,1
24,43.4000015258789,12,1,1
24,46.5999984741211,27,0,1
24,40,3,0,1
24,45.5999984741211,21,1,1
24,46.0999984741211,21,0,1
24,46.5,18,0,1
24,38.5999984741211,3,0,0
24,43,15,0,1
24,40.4000015258789,0,1,1
24,43.7999992370605,6,0,1
24,49.2000007629395,15,1,1
24,44.4000015258789,3,0,1
24,44.2999992370605,6,0,1
24,49.0999984741211,24,1,1
24,43.5999984741211,3,0,1
24,44.2000007629395,3,0,1
24,48.4000015258789,21,1,1
24,46.5,12,0,1
24,42.0999984741211,18,0,1
24,47.4000015258789,15,1,1
24,42.4000015258789,15,0,1
24,46,9,1,1
24,45,6,0,1
24,48.0999984741211,24,1,1
24,47.9000015258789,3,1,1
24,44.4000015258789,24,0,1
24,43.5999984741211,15,1,1
24,36.0999984741211,0,1,0
24,33.5999984741211,0,1,0
24,41.5999984741211,15,0,1
24,42.0999984741211,15,0,1
24,48.4000015258789,24,1,1
24,40.7000007629395,6,0,1
24,48.2000007629395,6,1,1
24,46.5,15,1,1
24,35.9000015258789,0,1,1
24,40.0999984741211,3,0,1
24,46.4000015258789,15,0,1
24,45.2999992370605,9,0,1
24,47.7999992370605,24,1,1
24,43.2999992370605,3,0,1
24,35.4000015258789,0,1,1
24,44.5999984741211,21,0,1
24,46.0999984741211,12,0,1
24,41.7999992370605,6,0,1
24,46.7000007629395,15,1,1
24,47,18,1,1
24,32.4000015258789,0,0,0
24,44.9000015258789,21,0,1
24,48.7000007629395,15,1,1
24,44.7000007629395,18,0,1
24,47.5,24,0,1
24,44.5,6,0,1
24,45.4000015258789,9,1,1
24,45.0999984741211,21,0,1
24,41.2999992370605,3,1,1
24,45.9000015258789,12,1,1
24,43.0999984741211,9,0,1
24,45.4000015258789,3,0,1
24,43.5999984741211,12,0,1
24,49.5999984741211,21,1,1
24,47.5,9,1,1
24,47.4000015258789,9,1,1
24,42.4000015258789,6,0,1
24,41.2999992370605,3,0,1
24,44.7999992370605,18,0,1
24,46.4000015258789,15,0,1
24,44.9000015258789,18,0,1
24,46.7999992370605,18,0,1
24,45.4000015258789,9,0,1
24,43.4000015258789,3,0,1
24,35.5999984741211,0,1,1
25,35,27,0,1
25,31.7999992370605,6,1,0
25,34,21,0,1
25,43.2999992370605,24,1,1
25,34,18,0,0
25,41.2000007629395,21,1,1
25,33.9000015258789,18,0,1
25,37.0999984741211,21,1,1
25,30.3999996185303,3,1,1
25,31.3999996185303,9,1,1
25,37.5999984741211,21,0,0
25,32,9,1,0
25,35.2999992370605,21,0,1
25,32.2999992370605,12,0,0
25,31,15,0,0
25,32.2000007629395,12,0,1
25,38.7999992370605,21,1,1
25,32.5,15,0,0
25,32.5999984741211,12,0,0
25,34.4000015258789,12,1,1
25,35.2000007629395,18,0,1
25,40.5,24,1,1
25,32.2999992370605,12,1,0
25,36.5,21,0,0
25,30.8999996185303,9,1,0
25,37,18,0,1
25,30.7000007629395,9,0,0
25,34.5999984741211,15,0,1
25,38.5999984741211,21,0,1
25,31.2999992370605,9,0,0
25,34.4000015258789,18,0,0
25,43.5999984741211,24,1,1
25,37.0999984741211,15,1,0
25,38.7000007629395,21,1,1
25,39.7999992370605,21,1,1
25,36.5999984741211,18,0,1
25,40.2000007629395,24,0,1
25,43.7000007629395,27,0,1
25,35,15,0,0
25,35.2000007629395,18,0,0
25,39,18,1,1
25,32.7999992370605,9,0,0
25,33.2999992370605,15,0,0
25,37.2999992370605,18,0,1
25,37.5,18,0,1
25,41.7000007629395,24,0,1
25,35.2999992370605,18,0,0
25,42.2000007629395,24,0,1
25,31.3999996185303,12,0,0
25,34.2999992370605,12,1,1
25,30.3999996185303,3,1,0
25,40.2999992370605,24,0,1
25,40.2000007629395,21,1,1
25,41.7000007629395,21,1,1
25,36.0999984741211,18,0,1
25,33.5999984741211,12,0,0
25,41.4000015258789,21,0,1
25,36.2000007629395,18,0,1
25,40.5999984741211,24,0,1
25,44.2999992370605,24,1,1
25,46.0999984741211,27,1,1
25,40,21,0,1
25,40.7000007629395,24,0,1
25,39.5999984741211,18,1,1
25,40.9000015258789,24,0,0
25,33.7999992370605,12,0,0
25,42.2999992370605,24,0,1
25,43.2000007629395,27,0,1
25,42.5999984741211,24,0,1
25,45.0999984741211,27,1,1
25,36,15,0,0
25,31.7999992370605,9,0,0
25,34.0999984741211,12,0,0
25,38.9000015258789,21,0,0
25,31.3999996185303,6,1,0
25,30.6000003814697,9,1,0
25,43.2000007629395,27,1,1
25,32.5,12,1,1
25,40.0999984741211,18,1,1
25,34,12,1,0
25,40.9000015258789,24,0,1
25,43,27,0,1
25,36,15,0,1
25,43.0999984741211,27,0,1
25,44.7000007629395,27,1,1
25,42.4000015258789,24,0,0
25,33.0999984741211,9,0,0
25,35.7999992370605,12,0,1
25,36.7000007629395,18,0,1
25,44.7999992370605,27,1,1
25,36.5,15,1,1
25,36.7000007629395,18,0,1
25,38.5,18,0,1
25,42.4000015258789,21,0,0
25,38.7999992370605,21,1,1
25,39,15,1,1
25,34.5,12,1,1
25,40.7000007629395,21,1,0
25,30,9,0,0
25,36.2000007629395,12,1,1
26,35,27,0,1
26,36.4000015258789,6,1,1
26,31.5,9,1,0
26,39.4000015258789,24,1,1
26,41,27,1,1
26,30.1000003814697,18,0,0
26,38.9000015258789,27,0,1
26,34.5,18,0,0
26,39.0999984741211,24,1,1
26,31.7000007629395,6,1,0
26,30.6000003814697,15,0,0
26,37.9000015258789,21,1,1
26,30.7999992370605,12,1,0
26,38.2999992370605,27,0,1
26,38.0999984741211,24,0,1
26,32.2999992370605,15,0,0
26,30.6000003814697,12,1,0
26,34.5,18,1,1
26,32.2000007629395,12,0,0
26,38.5,15,1,1
26,37.0999984741211,15,1,1
26,34.2999992370605,12,0,0
26,39.2000007629395,24,0,1
26,36.7000007629395,6,1,0
26,32.2000007629395,24,0,0
26,33.2999992370605,24,0,1
26,45.9000015258789,24,1,1
26,38,27,0,1
26,38.7000007629395,27,1,1
26,32.2999992370605,15,1,0
26,42.0999984741211,21,1,1
26,33.9000015258789,9,1,0
26,43.4000015258789,24,1,1
26,35.7000007629395,15,1,1
26,30.3999996185303,3,1,0
26,39.2999992370605,21,1,1
26,35.5,21,1,1
26,30.6000003814697,6,1,0
26,44.5999984741211,27,1,1
26,31.1000003814697,15,0,0
26,37.9000015258789,24,1,1
26,32.7999992370605,12,0,0
26,38.5,21,1,1
26,31.7999992370605,15,1,0
26,33.0999984741211,12,1,0
26,43.2999992370605,27,1,1
26,34.4000015258789,24,0,1
26,35.2000007629395,21,0,0
26,34.2999992370605,15,0,0
26,37.7000007629395,24,0,1
26,36.5999984741211,18,1,1
26,33.9000015258789,18,0,0
26,40.2000007629395,27,0,1
26,40.7000007629395,27,1,1
26,30,15,1,0
26,32.5999984741211,21,0,0
26,38,24,1,1
26,35.5999984741211,21,0,1
26,37.5999984741211,27,0,1
26,31.6000003814697,9,0,1
26,40.9000015258789,24,0,1
26,30.2999992370605,3,1,0
26,33.7999992370605,12,0,0
26,33,9,0,0
26,41,27,1,1
26,36.7000007629395,15,1,0
26,38.0999984741211,18,1,1
26,38.0999984741211,24,1,1
26,34.7000007629395,12,1,0
26,34.5,12,0,1
26,31.5,3,0,0
26,42.2000007629395,24,1,1
26,41.7999992370605,24,1,1
26,32.7000007629395,15,1,0
26,32.9000015258789,3,1,1
26,33.9000015258789,18,0,1
26,35,12,1,1
26,43.5,27,1,1
26,34.7999992370605,12,1,0
26,33.5999984741211,9,1,0
26,35.7000007629395,21,1,1
26,32.4000015258789,21,0,0
26,40.5999984741211,24,1,1
26,34,18,1,0
26,30.8999996185303,18,1,0
26,32.7000007629395,6,1,1
26,43.2000007629395,27,1,1
26,36.7000007629395,18,0,1
26,35.7000007629395,15,1,1
26,38.7000007629395,21,0,1
26,31.7000007629395,3,1,0
26,35.7999992370605,15,1,1
26,31.7999992370605,21,0,1
26,32.2000007629395,15,1,0
26,31.7999992370605,21,0,0
26,31.1000003814697,3,1,0
26,32.0999984741211,15,0,0
26,32.2999992370605,15,0,0
26,37.2000007629395,18,0,1
26,37.7999992370605,24,0,1
